Neighborhood,City,State
Brooklyn Heights,Brooklyn,NY
Brooklyn Navy Yard,Brooklyn,NY
Admiral's Row,Brooklyn,NY
Cadman Plaza,Brooklyn,NY
Clinton Hill,Brooklyn,NY
Downtown Brooklyn,Brooklyn,NY
Bridge Plaza/RAMBO,Brooklyn,NY
DUMBO,Brooklyn,NY
Fort Greene,Brooklyn,NY
Fulton Ferry,Brooklyn,NY
Pacific Park/Atlantic Yards,Brooklyn,NY
Prospect Heights,Brooklyn,NY
Vinegar Hill,Brooklyn,NY
South Brooklyn,Brooklyn,NY
Boerum Hill,Brooklyn,NY
Carroll Gardens,Brooklyn,NY
,Lake Junaluska,NC
,Lake Toxaway,NC
,Laurel Springs,NC
,Linville,NC
,Little Switzerland,NC
,McLeansville,NC
,Ocracoke,NC
,Pineola,NC
,Pisgah Forest,NC
,Roaring Gap,NC
,Salter Path,NC
,Sapphire,NC
,Sneads Ferry,NC
,St Pauls,NC
,Whittier,NC
,Winston Salem,NC
,Belcourt,ND
,Lake Metigoshe,ND
,St Michael,ND
,Anderson,OH
,Austinburg,OH
,Austintown,OH
,Berlin,OH
,Boardman,OH
,Brookpark,OH
,Charm,OH
,Copley,OH
,Curtice,OH
,Kingsville,OH
,Lakeside,OH
,Lakeside Marblehead,OH
,Lewis Center,OH
,Newbury,OH
,North Jackson,OH
,North Lima,OH
,Oakwood Village,OH
,Put in Bay,OH
,St Clairsville,OH
,St Marys,OH
,Uniontown,OH
,Walnut Creek,OH
,Waverly,OH
,West Chester,OH
,West Portsmouth,OH
,Wheelersburg,OH
,Cordell,OK
,Grant,OK
,Park Hill,OK
,Pryor,OK
,Aloha,OR
,Black Butte Ranch,OR
,Blue River,OR
,Camp Sherman,OR
,Charleston,OR
,Chemult,OR
,Christmas Valley,OR
,Clackamas,OR
,Crater Lake,OR
,Crescent,OR
,Crescent Lake,OR
,Diamond Lake,OR
,Gleneden Beach,OR
,Government Camp,OR
,Grand Ronde,OR
,Merlin,OR
,Milton Freewater,OR
,Mount Hood,OR
,Netarts,OR
,Otter Rock,OR
